<?xml version="1.0" encoding="UTF-8" ?>

<!DOCTYPE mapper
    PUBLIC "-//mybatis.org//DTD Mapper 3.0//EN"
    "http://mybatis.org/dtd/mybatis-3-mapper.dtd">

<mapper namespace="com.example.demo.dao.IUserDao">


	<select id="login" resultType="com.example.demo.pojo.manager">
		select * from manager where name=#{name} and pwd=#{pwd}
	</select>

	<select id="show" resultType="com.example.demo.pojo.user">
		select * from `user`
	</select>

	<!-- <update id="modifySaleform">
			UPDATE saleform
			SET `billdate` = #{bill.billdate,jdbcType=DATE},`suppliername` = #{bill.suppliername},
  			`supplieraddress` = #{bill.supplieraddress},`department` = #{bill.department},`warehouse` = #{bill.warehouse},
			`buyer` = #{bill.buyer},`executor` = #{bill.executor}
			WHERE `billno` = #{bill.billno};
			<if test="bill.saleformdetails.size!=0">
			<foreach collection="bill.saleformdetails" item="temp" separator=";">
				UPDATE	`saleformdetail` SET `goodsname` = #{temp.goodsname},`goodsnum` = #{temp.goodsnum},`goodsprice` = #{temp.goodsprice},
  				`goodsmoneyamt` = #{temp.goodsmoneyamt},`ispresent` = #{temp.ispresent} WHERE `lineid` = #{temp.lineid}
			</foreach>
			</if> 
	</update>


	<select id="querySaleformList" resultType="pojo.TempVo">
		SELECT *,SUM(goodsmoneyamt) AS prices FROM saleform 
		JOIN saleformdetail ON saleform.`billno`=saleformdetail.`billno`
		GROUP BY saleform.billno
		ORDER BY saleform.billno
	</select>
	
	
	<select id="queryBillById" resultType="pojo.Saleform">
		select * from saleform where billno=#{0}
	</select>
	
	<select id="queryBillMapById" resultMap="saleformMap">
		select * from saleform where billno=#{0}
	</select>
	
	
	<select id="querySaleByPage" resultMap="saleformMap">
	    SELECT * FROM saleform
		ORDER BY billno DESC
		LIMIT #{page},1 
	</select>
	

	<resultMap type="pojo.Saleform" id="saleformMap">
		<id column="billno" property="billno" />
		<result column="billdate" property="billdate" />
		<result column="suppliername" property="suppliername" />
		<result column="supplieraddress" property="supplieraddress" />
		<result column="department" property="department" />
		<result column="supplieraddress" property="supplieraddress" />
		<result column="warehouse" property="warehouse" />
		<result column="buyer" property="buyer" />
		<result column="executor" property="executor" />
		<collection property="saleformdetails" column="billno"
			select="selectDetail" />
	</resultMap>
	<select id="selectDetail" resultType="pojo.Saleformdetail">
		select * from saleformdetail where billno=#{0}
	</select>

	<insert id="saveSaleform">
		insert into saleform(`billno`,`billdate`,`suppliername`,`supplieraddress`,`department`,`warehouse`,`buyer`,`executor`)
		values(#{bill.billno},#{bill.billdate,jdbcType=DATE},#{bill.suppliername},#{bill.supplieraddress},#{bill.department},#{bill.warehouse},#{bill.buyer},#{bill.executor});
		<if test="bill.saleformdetails.size!=0">
			insert into saleformdetail(`goodsname`,`goodsnum`,`goodsprice`,`goodsmoneyamt`,`ispresent`,`billno`)
			values
			<foreach collection="bill.saleformdetails" item="temp" separator=",">
				(#{temp.goodsname},#{temp.goodsnum},#{temp.goodsprice},#{temp.goodsmoneyamt},#{temp.ispresent},#{bill.billno})
			</foreach>
		</if>
	</insert>
	
	<delete id="deleteSaleformById">
	    delete from  saleformdetail where billno=#{0};
	    delete from  saleform where billno=#{0};
	</delete> -->
	
	

</mapper>